{"stats":{"minecraft:dropped":{"minecraft:cooked_mutton":2,"minecraft:stick":12,"minecraft:white_wool":1},"minecraft:crafted":{"minecraft:wooden_sword":1,"minecraft:oak_planks":84,"minecraft:crafting_table":3,"minecraft:wooden_pickaxe":3,"minecraft:furnace":2,"minecraft:cooked_mutton":9,"minecraft:oak_boat":1,"minecraft:shield":2,"minecraft:stick":44,"minecraft:iron_ingot":7,"minecraft:stone_pickaxe":4,"minecraft:wooden_axe":2,"minecraft:stone_sword":1,"minecraft:iron_leggings":1,"minecraft:white_bed":1,"minecraft:torch":8,"minecraft:shears":1},"minecraft:picked_up":{"minecraft:magma_block":12,"minecraft:crafting_table":8,"minecraft:coarse_dirt":10,"minecraft:feather":1,"minecraft:andesite":2,"minecraft:oak_log":49,"minecraft:dirt":74,"minecraft:light_gray_wool":1,"minecraft:sugar_cane":4,"minecraft:chest":1,"minecraft:furnace":3,"minecraft:stick":16,"minecraft:raw_iron":7,"minecraft:sweet_berries":6,"minecraft:torch":3,"minecraft:dark_oak_log":7,"minecraft:peony":2,"minecraft:iron_helmet":1,"minecraft:oak_sapling":4,"minecraft:netherrack":11,"minecraft:mutton":13,"minecraft:coal":73,"minecraft:white_wool":7,"minecraft:cobblestone":89},"minecraft:mined":{"minecraft:dark_oak_leaves":9,"minecraft:dark_oak_log":7,"minecraft:crafting_table":8,"minecraft:short_grass":6,"minecraft:grass_block":32,"minecraft:spruce_leaves":4,"minecraft:sugar_cane":4,"minecraft:wall_torch":3,"minecraft:tall_seagrass":1,"minecraft:magma_block":12,"minecraft:coarse_dirt":10,"minecraft:furnace":3,"minecraft:iron_ore":5,"minecraft:sweet_berry_bush":2,"minecraft:birch_leaves":6,"minecraft:andesite":2,"minecraft:peony":2,"minecraft:coal_ore":61,"minecraft:oak_log":52,"minecraft:flowering_azalea_leaves":1,"minecraft:dirt":43,"minecraft:stone":88,"minecraft:netherrack":11,"minecraft:oak_leaves":6,"minecraft:fern":1},"minecraft:killed":{"minecraft:sheep":8},"minecraft:custom":{"minecraft:interact_with_furnace":11,"minecraft:mob_kills":8,"minecraft:interact_with_crafting_table":16,"minecraft:leave_game":1,"minecraft:time_since_death":45362,"minecraft:sleep_in_bed":1,"minecraft:climb_one_cm":233,"minecraft:time_since_rest":10172,"minecraft:sprint_one_cm":120034,"minecraft:damage_taken":984,"minecraft:walk_one_cm":284908,"minecraft:drop":4,"minecraft:damage_dealt":702,"minecraft:swim_one_cm":90830,"minecraft:fly_one_cm":11487,"minecraft:open_chest":6,"minecraft:crouch_one_cm":4,"minecraft:play_time":98465,"minecraft:deaths":2,"minecraft:sneak_time":13,"minecraft:walk_under_water_one_cm":10010,"minecraft:boat_one_cm":270299,"minecraft:jump":949,"minecraft:walk_on_water_one_cm":29582,"minecraft:total_world_time":98465,"minecraft:fall_one_cm":18058},"minecraft:killed_by":{"minecraft:enderman":1,"minecraft:drowned":1},"minecraft:used":{"minecraft:cooked_mutton":5,"minecraft:stone_sword":7,"minecraft:stone_pickaxe":169,"minecraft:wooden_pickaxe":97,"minecraft:torch":3,"minecraft:dirt":47,"minecraft:crafting_table":8,"minecraft:oak_log":5,"minecraft:wooden_axe":28,"minecraft:golden_sword":13,"minecraft:sweet_berries":6,"minecraft:oak_sapling":2,"minecraft:furnace":3,"minecraft:oak_boat":1}},"DataVersion":3955}