{"stats":{"minecraft:dropped":{"minecraft:kelp":1,"minecraft:iron_helmet":2,"minecraft:cobblestone":2,"minecraft:cooked_mutton":2,"minecraft:stick":1,"minecraft:golden_carrot":1,"minecraft:stone_pickaxe":1,"minecraft:wooden_pickaxe":1,"minecraft:white_wool":2},"minecraft:crafted":{"minecraft:oak_planks":16,"minecraft:fishing_rod":1,"minecraft:crafting_table":4,"minecraft:wooden_pickaxe":3,"minecraft:iron_helmet":2,"minecraft:iron_sword":1,"minecraft:bucket":1,"minecraft:birch_planks":52,"minecraft:stone_axe":4,"minecraft:cooked_mutton":3,"minecraft:iron_boots":1,"minecraft:iron_chestplate":1,"minecraft:shield":1,"minecraft:iron_axe":1,"minecraft:stick":30,"minecraft:iron_ingot":48,"minecraft:iron_pickaxe":1,"minecraft:stone_pickaxe":3,"minecraft:gold_ingot":1,"minecraft:iron_leggings":1,"minecraft:dark_oak_planks":136},"minecraft:broken":{"minecraft:stone_pickaxe":1,"minecraft:wooden_pickaxe":1},"minecraft:picked_up":{"minecraft:birch_log":34,"minecraft:coarse_dirt":2,"minecraft:crafting_table":3,"minecraft:feather":4,"minecraft:chicken":4,"minecraft:golden_carrot":1,"minecraft:andesite":1,"minecraft:wooden_pickaxe":1,"minecraft:oak_log":7,"minecraft:string":1,"minecraft:dirt":69,"minecraft:apple":1,"minecraft:kelp":1,"minecraft:stone_pickaxe":2,"minecraft:light_gray_wool":1,"minecraft:sugar_cane":86,"minecraft:dark_oak_sapling":1,"minecraft:stick":10,"minecraft:raw_iron":79,"minecraft:sandstone_wall":2,"minecraft:gravel":4,"minecraft:porkchop":7,"minecraft:sand":3,"minecraft:spruce_sapling":3,"minecraft:diorite":12,"minecraft:dark_oak_log":43,"minecraft:rotten_flesh":4,"minecraft:iron_helmet":1,"minecraft:cod":2,"minecraft:oak_sapling":3,"minecraft:netherrack":4,"minecraft:mutton":8,"minecraft:coal":46,"minecraft:white_wool":8,"minecraft:cobblestone":166},"minecraft:mined":{"minecraft:dark_oak_leaves":5,"minecraft:kelp_plant":5,"minecraft:dark_oak_log":44,"minecraft:crafting_table":3,"minecraft:short_grass":4,"minecraft:grass_block":31,"minecraft:cobblestone":10,"minecraft:spruce_leaves":20,"minecraft:sugar_cane":46,"minecraft:kelp":2,"minecraft:diorite":12,"minecraft:seagrass":1,"minecraft:coarse_dirt":2,"minecraft:birch_log":34,"minecraft:iron_ore":81,"minecraft:andesite":1,"minecraft:birch_leaves":1,"minecraft:coal_ore":47,"minecraft:oak_log":4,"minecraft:sand":1,"minecraft:dirt":40,"minecraft:gravel":4,"minecraft:sandstone_wall":2,"minecraft:stone":158,"minecraft:netherrack":5,"minecraft:white_wool":1,"minecraft:oak_leaves":13},"minecraft:killed":{"minecraft:pig":3,"minecraft:zombie_villager":1,"minecraft:sheep":6,"minecraft:zombie":2,"minecraft:chicken":4},"minecraft:custom":{"minecraft:interact_with_furnace":54,"minecraft:mob_kills":17,"minecraft:interact_with_crafting_table":17,"minecraft:leave_game":2,"minecraft:time_since_death":56794,"minecraft:sleep_in_bed":8,"minecraft:climb_one_cm":188,"minecraft:time_since_rest":7131,"minecraft:sprint_one_cm":86077,"minecraft:damage_taken":1147,"minecraft:walk_one_cm":295335,"minecraft:drop":13,"minecraft:damage_dealt":1626,"minecraft:swim_one_cm":97691,"minecraft:fly_one_cm":6494,"minecraft:open_chest":12,"minecraft:crouch_one_cm":210,"minecraft:play_time":93458,"minecraft:deaths":3,"minecraft:sneak_time":223,"minecraft:walk_under_water_one_cm":12319,"minecraft:boat_one_cm":7079,"minecraft:jump":1210,"minecraft:walk_on_water_one_cm":30273,"minecraft:total_world_time":93458,"minecraft:fall_one_cm":19492},"minecraft:killed_by":{"minecraft:skeleton":1,"minecraft:zombie":1},"minecraft:used":{"minecraft:cooked_mutton":1,"minecraft:water_bucket":1,"minecraft:birch_planks":1,"minecraft:stone_pickaxe":253,"minecraft:wooden_pickaxe":72,"minecraft:iron_sword":1,"minecraft:sugar_cane":86,"minecraft:sandstone_wall":2,"minecraft:rotten_flesh":2,"minecraft:white_wool":2,"minecraft:dirt":39,"minecraft:crafting_table":3,"minecraft:dark_oak_planks":11,"minecraft:iron_pickaxe":2,"minecraft:stone_axe":125,"minecraft:light_gray_wool":1,"minecraft:fishing_rod":3,"minecraft:golden_carrot":5,"minecraft:cobblestone":97,"minecraft:oak_sapling":3,"minecraft:bucket":2}},"DataVersion":3955}