{"stats":{"minecraft:dropped":{"minecraft:stone_axe":1,"minecraft:stone_sword":1,"minecraft:light_gray_wool":1,"minecraft:spruce_sapling":4},"minecraft:broken":{"minecraft:stone_axe":1,"minecraft:stone_shovel":4},"minecraft:crafted":{"minecraft:oak_planks":16,"minecraft:stone_shovel":4,"minecraft:dark_oak_boat":1,"minecraft:crafting_table":1,"minecraft:spruce_planks":20,"minecraft:acacia_slab":78,"minecraft:iron_helmet":1,"minecraft:wooden_pickaxe":1,"minecraft:iron_sword":1,"minecraft:spruce_fence":6,"minecraft:stone_axe":2,"minecraft:cooked_mutton":4,"minecraft:sandstone_wall":138,"minecraft:iron_boots":1,"minecraft:iron_chestplate":1,"minecraft:shield":1,"minecraft:stick":24,"minecraft:iron_ingot":10,"minecraft:iron_pickaxe":1,"minecraft:stone_pickaxe":1,"minecraft:cobblestone_wall":12,"minecraft:stone_sword":1,"minecraft:iron_leggings":1,"minecraft:sandstone":142,"minecraft:acacia_fence":9,"minecraft:acacia_planks":58,"minecraft:dark_oak_planks":8,"minecraft:oak_fence":9},"minecraft:picked_up":{"minecraft:wooden_axe":1,"minecraft:coarse_dirt":18,"minecraft:crafting_table":3,"minecraft:andesite":2,"minecraft:wooden_pickaxe":2,"minecraft:oak_log":28,"minecraft:dirt":47,"minecraft:string":1,"minecraft:cooked_mutton":8,"minecraft:apple":1,"minecraft:wheat_seeds":1,"minecraft:iron_ingot":1,"minecraft:stone_pickaxe":2,"minecraft:rose_bush":1,"minecraft:light_gray_wool":1,"minecraft:sugar_cane":12,"minecraft:acacia_sapling":4,"minecraft:oak_planks":1,"minecraft:furnace":1,"minecraft:dark_oak_sapling":6,"minecraft:stick":27,"minecraft:raw_iron":10,"minecraft:torch":8,"minecraft:acacia_log":15,"minecraft:sandstone_wall":13,"minecraft:sand":612,"minecraft:spruce_sapling":12,"minecraft:white_bed":2,"minecraft:spruce_log":5,"minecraft:spider_eye":1,"minecraft:dark_oak_log":114,"minecraft:stone_sword":2,"minecraft:rotten_flesh":2,"minecraft:stone_axe":1,"minecraft:peony":3,"minecraft:acacia_slab":2,"minecraft:oak_sapling":17,"minecraft:mutton":4,"minecraft:coal":29,"minecraft:white_wool":2,"minecraft:cobblestone":82,"minecraft:ender_pearl":2},"minecraft:mined":{"minecraft:acacia_leaves":4,"minecraft:white_bed":1,"minecraft:dark_oak_leaves":1,"minecraft:dark_oak_log":115,"minecraft:crafting_table":2,"minecraft:short_grass":19,"minecraft:acacia_log":16,"minecraft:grass_block":8,"minecraft:rose_bush":1,"minecraft:acacia_slab":2,"minecraft:spruce_leaves":9,"minecraft:sugar_cane":3,"minecraft:wall_torch":1,"minecraft:coarse_dirt":8,"minecraft:iron_ore":8,"minecraft:spruce_log":5,"minecraft:birch_leaves":2,"minecraft:peony":1,"minecraft:oak_log":24,"minecraft:coal_ore":20,"minecraft:dark_oak_sapling":3,"minecraft:sand":616,"minecraft:dirt":42,"minecraft:sandstone_wall":13,"minecraft:stone":54,"minecraft:oak_leaves":55},"minecraft:killed":{"minecraft:zombie":1,"minecraft:enderman":2},"minecraft:custom":{"minecraft:interact_with_furnace":12,"minecraft:mob_kills":3,"minecraft:interact_with_crafting_table":26,"minecraft:leave_game":2,"minecraft:time_since_death":91662,"minecraft:sleep_in_bed":3,"minecraft:climb_one_cm":621,"minecraft:time_since_rest":4172,"minecraft:sprint_one_cm":166482,"minecraft:damage_taken":550,"minecraft:walk_one_cm":247343,"minecraft:drop":4,"minecraft:damage_dealt":1045,"minecraft:swim_one_cm":22789,"minecraft:fly_one_cm":48707,"minecraft:open_chest":20,"minecraft:crouch_one_cm":2584,"minecraft:play_time":91662,"minecraft:sneak_time":1149,"minecraft:walk_under_water_one_cm":6860,"minecraft:boat_one_cm":61813,"minecraft:jump":804,"minecraft:walk_on_water_one_cm":22403,"minecraft:total_world_time":91662,"minecraft:fall_one_cm":17580},"minecraft:used":{"minecraft:oak_fence":9,"minecraft:cooked_mutton":9,"minecraft:stone_sword":39,"minecraft:stone_shovel":525,"minecraft:stone_pickaxe":78,"minecraft:ender_pearl":1,"minecraft:wooden_pickaxe":29,"minecraft:iron_sword":15,"minecraft:sugar_cane":12,"minecraft:sandstone_wall":139,"minecraft:rotten_flesh":2,"minecraft:iron_chestplate":1,"minecraft:torch":7,"minecraft:dirt":40,"minecraft:sand":6,"minecraft:crafting_table":4,"minecraft:cobblestone_wall":12,"minecraft:white_bed":2,"minecraft:acacia_sapling":4,"minecraft:spruce_fence":6,"minecraft:wooden_axe":1,"minecraft:apple":1,"minecraft:acacia_slab":80,"minecraft:iron_helmet":1,"minecraft:iron_boots":1,"minecraft:spruce_sapling":8,"minecraft:stone_axe":168,"minecraft:dark_oak_boat":1,"minecraft:oak_sapling":17,"minecraft:furnace":1,"minecraft:acacia_fence":9,"minecraft:coarse_dirt":18,"minecraft:iron_leggings":1,"minecraft:dark_oak_sapling":3}},"DataVersion":3955}