{"stats":{"minecraft:dropped":{"minecraft:iron_ingot":1,"minecraft:stone_axe":1,"minecraft:sugar_cane":23,"minecraft:brown_mushroom":1,"minecraft:dark_oak_sapling":7,"minecraft:iron_helmet":1,"minecraft:light_gray_wool":1,"minecraft:cooked_mutton":5,"minecraft:cod":4,"minecraft:filled_map":1,"minecraft:dirt":1,"minecraft:oak_sapling":2,"minecraft:acacia_sapling":3,"minecraft:stone_pickaxe":1,"minecraft:wooden_pickaxe":1,"minecraft:string":2},"minecraft:broken":{"minecraft:stone_shovel":1},"minecraft:crafted":{"minecraft:oak_planks":40,"minecraft:stone_shovel":1,"minecraft:crafting_table":1,"minecraft:wooden_pickaxe":1,"minecraft:iron_helmet":1,"minecraft:iron_sword":1,"minecraft:furnace":4,"minecraft:bucket":1,"minecraft:stone_axe":1,"minecraft:cooked_mutton":5,"minecraft:oak_boat":1,"minecraft:diamond_pickaxe":1,"minecraft:iron_boots":1,"minecraft:iron_chestplate":1,"minecraft:shield":1,"minecraft:iron_axe":1,"minecraft:stick":28,"minecraft:iron_ingot":33,"minecraft:iron_pickaxe":1,"minecraft:stone_pickaxe":1,"minecraft:chest":2,"minecraft:iron_leggings":1,"minecraft:white_bed":3,"minecraft:acacia_planks":28,"minecraft:torch":32},"minecraft:picked_up":{"minecraft:crafting_table":6,"minecraft:coarse_dirt":4,"minecraft:golden_pickaxe":1,"minecraft:brown_mushroom":1,"minecraft:filled_map":1,"minecraft:gold_block":4,"minecraft:oak_log":10,"minecraft:golden_sword":1,"minecraft:string":2,"minecraft:dirt":162,"minecraft:flint_and_steel":1,"minecraft:cooked_mutton":7,"minecraft:bone":1,"minecraft:iron_ingot":3,"minecraft:oak_boat":4,"minecraft:light_gray_wool":1,"minecraft:sugar_cane":52,"minecraft:chest":4,"minecraft:oak_planks":9,"minecraft:acacia_sapling":6,"minecraft:furnace":6,"minecraft:book":2,"minecraft:golden_helmet":1,"minecraft:dark_oak_sapling":7,"minecraft:stick":5,"minecraft:raw_iron":34,"minecraft:cooked_porkchop":3,"minecraft:acacia_log":7,"minecraft:fire_charge":1,"minecraft:sand":4,"minecraft:porkchop":3,"minecraft:white_bed":1,"minecraft:grass_block":1,"minecraft:jungle_slab":1,"minecraft:rotten_flesh":8,"minecraft:iron_helmet":1,"minecraft:oak_sapling":2,"minecraft:cod":4,"minecraft:mutton":12,"minecraft:coal":25,"minecraft:white_wool":9,"minecraft:cobblestone":68},"minecraft:mined":{"minecraft:white_bed":1,"minecraft:brown_mushroom":1,"minecraft:jungle_slab":1,"minecraft:crafting_table":6,"minecraft:glow_lichen":1,"minecraft:short_grass":6,"minecraft:acacia_log":7,"minecraft:grass_block":92,"minecraft:chest":5,"minecraft:cobblestone":1,"minecraft:oak_planks":1,"minecraft:sugar_cane":27,"minecraft:coarse_dirt":4,"minecraft:dark_oak_slab":1,"minecraft:furnace":5,"minecraft:iron_ore":34,"minecraft:gold_block":4,"minecraft:coal_ore":17,"minecraft:oak_log":10,"minecraft:sand":5,"minecraft:dirt":68,"minecraft:stone":68,"minecraft:fern":1},"minecraft:killed":{"minecraft:pig":2,"minecraft:spider":2,"minecraft:skeleton":1,"minecraft:sheep":8,"minecraft:zombie":5,"minecraft:enderman":1},"minecraft:custom":{"minecraft:interact_with_furnace":32,"minecraft:mob_kills":21,"minecraft:interact_with_crafting_table":31,"minecraft:time_since_death":89965,"minecraft:sleep_in_bed":2,"minecraft:time_since_rest":4172,"minecraft:sprint_one_cm":125617,"minecraft:damage_blocked_by_shield":100,"minecraft:damage_taken":794,"minecraft:walk_one_cm":218366,"minecraft:drop":43,"minecraft:damage_dealt":2635,"minecraft:swim_one_cm":47467,"minecraft:fly_one_cm":104584,"minecraft:open_chest":28,"minecraft:crouch_one_cm":7215,"minecraft:play_time":89965,"minecraft:sneak_time":5063,"minecraft:walk_under_water_one_cm":45918,"minecraft:boat_one_cm":638516,"minecraft:jump":917,"minecraft:walk_on_water_one_cm":25364,"minecraft:fish_caught":2,"minecraft:total_world_time":90508,"minecraft:fall_one_cm":23646},"minecraft:used":{"minecraft:cooked_mutton":6,"minecraft:stone_shovel":132,"minecraft:stone_pickaxe":118,"minecraft:shield":4,"minecraft:chest":2,"minecraft:wooden_pickaxe":4,"minecraft:iron_sword":75,"minecraft:sugar_cane":29,"minecraft:torch":21,"minecraft:dirt":39,"minecraft:sand":1,"minecraft:crafting_table":5,"minecraft:white_bed":4,"minecraft:iron_axe":27,"minecraft:iron_pickaxe":12,"minecraft:iron_helmet":1,"minecraft:stone_axe":29,"minecraft:fishing_rod":4,"minecraft:cobblestone":21,"minecraft:cooked_cod":5,"minecraft:cooked_porkchop":3,"minecraft:furnace":10,"minecraft:bucket":1,"minecraft:gold_block":1,"minecraft:oak_boat":5,"minecraft:coarse_dirt":4}},"DataVersion":3955}